{"practice_player|practice_session": {"Push": {"count": 1242, "sum_confidence": 1182.8721488714218, "sum_speed_mps": 25799.861652779648}, "Forehand": {"count": 3, "sum_confidence": 2.437265068292618, "sum_speed_mps": 132.21591494608117}, "Block": {"count": 117, "sum_confidence": 101.28345257043839, "sum_speed_mps": 1447.0588581003692}, "Chop": {"count": 463, "sum_confidence": 444.3847440481186, "sum_speed_mps": 21603.395256513195}, "Backhand": {"count": 45, "sum_confidence": 36.81873074173927, "sum_speed_mps": 718.7652438606638}, "Serve": {"count": 408, "sum_confidence": 385.3667116165161, "sum_speed_mps": 8593.808740683005}, "Smash": {"count": 94, "sum_confidence": 88.08167925477028, "sum_speed_mps": 3411.8013806449685}, "Flick": {"count": 2, "sum_confidence": 1.3288297355175018, "sum_speed_mps": 27.784585839264764}}, "practice_player|device_session": {"Serve": {"count": 299, "sum_confidence": 285.8880190849304, "sum_speed_mps": 240.71505970887642}, "Block": {"count": 33, "sum_confidence": 29.67438393831253, "sum_speed_mps": 358.49056839122215}, "Smash": {"count": 19, "sum_confidence": 17.856356978416443, "sum_speed_mps": 1127.5996901436697}, "Push": {"count": 12, "sum_confidence": 11.223352134227753, "sum_speed_mps": 316.86141688324636}, "Chop": {"count": 35, "sum_confidence": 33.647802621126175, "sum_speed_mps": 1602.875446521549}}, "test_player|": {"Block": {"count": 6, "sum_confidence": 4.2614171504974365, "sum_speed_mps": 0.0}}}